X1,X2,y
0.49045290693301535,0.19274944105254968,1.0
-0.8797277468595522,-0.3752727917515142,0.0
0.409954637571766,0.2952200399026399,1.0
0.2913928776609764,-0.3914321012881983,1.0
-0.49346957430186406,0.24667185727746593,1.0
-0.0738518189621442,-0.9148470396449295,0.0
0.5441369792707825,0.8716612607700976,0.0
-0.7932865467179686,-0.48765007839668206,0.0
0.023193243673960022,-1.1136691600467312,0.0
0.47379107095717204,-0.81103375696428,0.0
0.2285143124026876,-0.4691370464462395,1.0
-0.008707784642367329,-0.9758922163835366,0.0
-0.2785884298126977,0.38322872026193633,1.0
0.43196207345796267,0.13281649627433073,1.0
0.2984035382386788,-0.3926352980524951,1.0
-0.8673182400916104,-0.321850801536124,0.0
-0.07763649727195737,0.9859947558896937,0.0
-0.5288361235399095,-0.11384338067266322,1.0
0.4534825668342433,0.17764285858174966,1.0
0.8976108324276506,0.025450384157102192,0.0
0.07135009712280624,0.47997972814503514,1.0
-0.12470025838378943,-0.4513607434040455,1.0
-0.5308841409050941,0.8148001533156458,0.0
-0.45750803280497393,0.23946481549662968,1.0
0.10694305115407336,-0.5303091695712291,1.0
-0.4450713828435044,-0.03586549781238045,1.0
0.47726582585672134,0.8963607233833127,0.0
0.41812805669028574,0.4582125674089298,1.0
-0.02186259503821432,-0.4767775518225321,1.0
0.8746358738499012,-0.6280181652672857,0.0
0.8897366782451286,-0.21193071731657587,0.0
0.8336845188025139,-0.38430375159316404,0.0
0.3554050201475573,0.38390919906626786,1.0
0.2762461590950629,0.40287656988396736,1.0
-0.3181528771450155,0.41053407952331955,1.0
-0.14192610920412366,0.982817498892915,0.0
0.4696137620773626,0.10392501030335936,1.0
-0.3794468337848796,-0.8460302208044359,0.0
-0.8958884918082226,0.20870303561222017,0.0
-0.19211893216088197,-0.4094946014700128,1.0
0.3760065484811289,0.30218833566442077,1.0
0.2998144965200813,0.3760899287463139,1.0
-0.25636349512244916,0.9678180703968398,0.0
-0.3939247121117029,-0.29064149056331745,1.0
-0.41429115848886433,-0.25375249958078305,1.0
-0.45258125679708155,0.2364008040386435,1.0
-0.5932734935179101,0.14337715193785106,1.0
0.2590453525528659,-0.40563362882751497,1.0
-0.017664957179045357,-0.4613964553644659,1.0
0.717251079679484,-0.7258760012150598,0.0
0.4689325861438713,0.908252572567421,0.0
0.6702140261654423,0.7198715149418786,0.0
-0.5498548495341765,-0.21015984672598031,1.0
-0.26407709884039615,-0.42396929746901707,1.0
0.10974346344567801,-0.5627159937787145,1.0
0.7040000283426094,-0.8353645093776227,0.0
-0.42902534084207916,-0.30635724816020826,1.0
-0.3652965031372221,-0.33277379749760183,1.0
0.19296492322674438,-0.930239599771641,0.0
0.5810529019881825,0.06107086641609274,1.0
0.2998735841443203,0.38707628337762057,1.0
-0.4932564524744416,-0.2620710906321497,1.0
0.12688451128268413,1.00722587767912,0.0
0.6847161254276751,-0.7149498103770825,0.0
0.40569568380674925,-0.34608637911696244,1.0
0.396087985810192,-0.21193578202530886,1.0
0.5046953842111568,0.1780795677332637,1.0
0.11617814162753681,1.0569778212588754,0.0
0.6112583103325192,0.0652895420855308,1.0
-0.259949191353359,-0.4530696370561996,1.0
-0.4718966809368092,0.2281828347452761,1.0
0.5920855652225372,0.8670993242007606,0.0
-0.47806948033476426,-0.8346749094989392,0.0
0.3618434122107874,0.2307797000475718,1.0
-0.4226503250209821,0.139222051177524,1.0
0.5671964255217893,-0.05176918911252866,1.0
-0.5314591592936635,-0.13071619731335682,1.0
-0.9010529138234149,0.5350155834017453,0.0
-0.6712242241788141,-0.6376383416511914,0.0
0.2754397679490412,0.25674273041929835,1.0
-0.8132738568894903,0.5287877050220636,0.0
0.8502288349925988,0.4813684310900098,0.0
0.3070505439218074,0.9605051028141066,0.0
0.9102754697437554,-0.029609816191302974,0.0
0.5931321872717517,0.8381689054671427,0.0
-0.44272058662707603,-0.041442073471168614,1.0
-0.23825104979397796,0.4861657497924578,1.0
0.3523360198168506,0.9843167436657213,0.0
-0.12583746814354776,-1.0353221594674589,0.0
0.8701127378783109,0.3717243294476549,0.0
-1.043716291647294,-0.21666620105682258,0.0
-0.7047969718287349,0.6376055842230827,0.0
-0.4616203801674516,0.9229639749039118,0.0
0.07478009111251199,1.0530375364370685,0.0
-0.5308660256681117,-0.20346639478917616,1.0
0.07764874387731502,-0.5610500281995067,1.0
1.0305475207732686,0.012448821289962664,0.0
-0.2555655709167076,0.492531322773619,1.0
0.030306227036103993,1.0191714763404076,0.0
-0.4569682704681688,-0.07029355709526117,1.0
-0.16772604829542312,-0.4267885332095571,1.0
-0.9036156608713471,0.5376866868329178,0.0
-0.1307051211101323,0.45427372364116075,1.0
-0.24324185250769717,0.4541475968553425,1.0
-0.44226004787751255,0.22163786010457853,1.0
-0.6324619362159304,0.7634852045300853,0.0
0.4741670287713701,-0.2075363097432682,1.0
-0.90868298903909,0.30702885525148466,0.0
-0.2609005297118477,0.38719372476121944,1.0
-0.10037159143359857,0.41950751062616026,1.0
-0.9499258063710134,0.05332602656642213,0.0
-0.5189178368417036,0.02134783201878119,1.0
-0.18153568322095712,0.48352120960866524,1.0
0.41329249238390464,-0.249306732180663,1.0
-0.9096874649365564,0.4083313045312327,0.0
-0.2182320186623502,0.9198923910077689,0.0
-0.47630759496530634,-0.8411431873409819,0.0
-0.3347671059112706,0.3653772189937479,1.0
-0.18315279666959022,-0.5320574079313083,1.0
0.41180663283498187,0.26919795547908526,1.0
-0.22314132167958448,1.0263904290916372,0.0
-0.5456331003583474,-0.82368439957431,0.0
0.2570375176314955,0.4875784867511077,1.0
0.858127025207293,0.37385592830400266,0.0
0.4797080144853911,0.8221891724254482,0.0
0.8665776124994394,-0.4699491422621328,0.0
0.5661421630956899,-0.09534923122626851,1.0
-0.09260126746375716,0.39628763320628363,1.0
-0.4045684558895561,0.2150703143041686,1.0
-0.3125156332447983,-0.43978614571762353,1.0
0.6781632908910743,0.8249525002170593,0.0
0.18662108718995093,0.4887316839298979,1.0
-0.6027540697398946,-0.9092003446398005,0.0
-0.24457631963276769,-0.44220947473554584,1.0
0.9065208360985774,-0.3282978910323762,0.0
-0.6707986906905591,-0.6965538110287189,0.0
0.6463975406911044,0.703912557067,0.0
-0.059703769974583,0.4924856685553262,1.0
0.9254712052451213,0.026932725130928037,0.0
0.35267166205017125,0.3503140891650164,1.0
1.0152341215291873,0.1640537298838409,0.0
0.46798356375373956,0.3859914775525809,1.0
0.38830974026132425,0.13150999534891059,1.0
-0.5577778323626268,-0.8560906588893081,0.0
0.5138345778720792,0.05527107081845774,1.0
-0.5219727583929258,0.18123972531296997,1.0
0.871968804189972,0.4415948198899492,0.0
-0.24687233960582644,-1.0376532688491045,0.0
-0.385345687276315,-0.9371877786172907,0.0
0.6376684355973852,-0.6931927519205572,0.0
-0.3836401930764121,-0.39395084233723493,1.0
-0.1649017830782128,-0.9774661241075104,0.0
0.22479778820222984,-0.43652412293507376,1.0
0.4987109928056792,0.026797866043812086,1.0
-0.3822243613067219,0.8542086637129479,0.0
-0.3292735258042588,0.2984719714174375,1.0
-0.449107417236881,-0.2537269041754834,1.0
0.48527771005897735,-0.005943030567425872,1.0
-0.15172493607732934,-0.38556743144748307,1.0
-0.255764000359916,-1.0408421322073542,0.0
0.9815285618744498,0.28671357367784606,0.0
0.4190113050441949,-0.030659084282381253,1.0
0.8390731165049479,-0.4602533279715418,0.0
0.2972690441784912,-0.4772234265408204,1.0
-0.8932307570829374,0.1803646948773907,0.0
0.6917393349324865,-0.7685574713057955,0.0
-0.8902583194529429,-0.28173426740106927,0.0
0.38953562750270854,-0.26471808473103714,1.0
0.4820154188860191,-0.07836268838123878,1.0
-0.44407818843100505,-0.24653551633182158,1.0
0.9762826561566991,-0.18260621845687075,0.0
0.5420559994426847,-0.12745541457679185,1.0
0.05506843590767877,0.4392687828083185,1.0
-0.0721977320410539,-0.49108065949917595,1.0
-0.5792127298885811,0.7902736601850787,0.0
0.28434319743419845,0.9720664836545666,0.0
-0.3414717546188494,0.8396972113170303,0.0
-0.18160225885780168,-0.9021766774830419,0.0
-0.7005509480095534,-0.6540688403806213,0.0
0.8581915876624742,0.541244463486968,0.0
-0.5409356793596684,0.05187893931880382,1.0
-0.19422729473460398,-1.0077125577569015,0.0
-0.1739867601757435,-0.4825049419382479,1.0
0.35412610164923103,-0.3445017649548899,1.0
0.4392510260922289,-0.050111699627173295,1.0
-0.16454915434200232,0.4707981022033678,1.0
0.07533602308526702,-0.5470905836920718,1.0
1.0185651515072767,-0.1581869709409587,0.0
-0.9581855712033501,0.16770849306845714,0.0
-0.39139267384378995,0.05918749574872266,1.0
-0.6568692756376329,-0.8910583646052314,0.0
-0.5811625804162043,-0.8119105335103014,0.0
-0.1631351259734663,-1.0071452782374246,0.0
-0.08956001236339226,-0.4980087377024363,1.0
-0.33814487849076713,-0.3584856927530954,1.0
-0.3283517422301543,-0.2458025341319877,1.0
-0.009011307377511948,-0.5122321548566686,1.0
-0.04821626613216467,1.0183305416358575,0.0
-0.4116988346111325,-0.29100830867100624,1.0
-0.3437735403945614,0.9831862914363478,0.0
-0.017125955694179802,-0.5179619990505293,1.0
0.3016013594358236,-0.4391446437690171,1.0
0.38121212203408666,-0.3969977681587176,1.0
-0.24615473104096747,-0.3725572715893581,1.0
0.39936822883587025,0.10779591010575632,1.0
0.5465459424479553,0.8507103441233641,0.0
0.5833698676017283,-0.7848659256539839,0.0
-0.07598696238414643,0.5065439526676551,1.0
-0.9472824317887559,-0.43241677532850376,0.0
-0.35098596398571075,0.8850976582380926,0.0
0.45008380358773326,-0.05318025955290834,1.0
0.438458030599032,-0.27594888953406077,1.0
-0.5087652649130964,0.8908153540829044,0.0
-0.5948077033396291,0.7297069233030675,0.0
-0.22066851073153343,0.45194016786174335,1.0
-0.5170930205085673,0.8266624847123031,0.0
-0.36051664417625706,0.8708871849617382,0.0
0.9255119137162967,-0.5247773695074359,0.0
-0.39723990763211753,0.1662149865352762,1.0
-0.05334233751768691,0.5511382567932537,1.0
0.3260192066149987,-0.2608532656064758,1.0
-0.3583470646082039,0.33550588416834276,1.0
-0.31367765036599626,-0.30984873040435035,1.0
0.21973640427796592,-0.44499956332657253,1.0
-0.834249811282735,0.5010754750977495,0.0
0.07292129255210081,-0.4209206077149467,1.0
0.8890000272747851,0.4097737915656792,0.0
0.19122284666637268,0.40329783410713294,1.0
-0.06544756329243598,0.4672838806203715,1.0
0.09017648457506615,-0.4959886791631187,1.0
0.766611653737653,-0.5783296774909997,0.0
-0.3210836191699073,-0.9064790548574452,0.0
0.44719758227966977,0.8500870423805625,0.0
0.42061296877475435,0.3593294533544999,1.0
0.8346710322304052,0.6038012575892915,0.0
-0.7976887327555033,-0.615902961902147,0.0
0.08080582424424185,-0.4447968787074057,1.0
-0.1384069273515011,-0.4781356047455374,1.0
0.7407902364370228,0.7645067963548807,0.0
-0.9832067476600691,0.2360324591515608,0.0
-0.45465071590107387,0.2478635869950195,1.0
0.015966944498104107,1.0567419290577098,0.0
0.9494021148117199,-0.24451291031807304,0.0
0.6819674054577284,0.6521061620423847,0.0
-0.33026166825725733,-0.9050200459979031,0.0
0.9181071570632591,-0.4809957512420336,0.0
0.41916364556630525,-0.2854727690248128,1.0
-0.17782393251774153,-0.39981550530967613,1.0
0.234991522353944,0.43101321976708756,1.0
0.9860439515107614,-0.1920747378363924,0.0
0.035593664972269276,0.4797088329394818,1.0
-0.9311901876159588,-0.45715473996712064,0.0
0.7000228668626705,0.7112236641507663,0.0
1.011585386765843,0.019990122916554345,0.0
-1.023223897061678,-0.2639511872336938,0.0
0.5407743415148917,0.05377202773477845,1.0
-0.5479073735233665,0.14719570366469936,1.0
0.9178785753282453,-0.5827975424447973,0.0
-0.5355614660784777,0.18752778821715083,1.0
-0.05004600977022913,0.6044693071476146,1.0
0.15916593361584025,0.9934281899780331,0.0
-0.918716214537708,0.3589565200194118,0.0
0.4575911359465052,-0.2604178747261798,1.0
-0.3746595580620705,0.31997821886225386,1.0
-0.6732741879823733,-0.7169389535678854,0.0
0.35087998700986084,0.36024559589030514,1.0
1.0142437874952668,-0.16751743233311941,0.0
-0.06661124501575079,-1.0664006919373967,0.0
0.5201608838168368,-0.832803399279827,0.0
-0.375168405523466,-0.03667915805095835,1.0
-0.32377905261722284,0.8201808606148628,0.0
0.5440270589732413,-0.8123806637631603,0.0
0.4563919997918766,-0.06427340449262875,1.0
0.028469862055686412,-1.0772565256778737,0.0
1.0289155967246908,-0.2900903457790707,0.0
-0.057097855146951336,0.47574523783799993,1.0
-0.16905070034517589,0.3890879092860917,1.0
-0.5424696715758094,0.8877555290505459,0.0
0.6627525686280177,0.7695065253006098,0.0
0.12171374623743592,0.41488820475088745,1.0
1.0104235120348533,-0.06747606491425404,0.0
1.0157550174888959,-0.20212472388323421,0.0
-0.9949504004030473,0.19657732012351886,0.0
0.17127350071464886,0.44871677077785094,1.0
0.9094228892626541,-0.5905332265224471,0.0
0.7197715393495212,-0.7727449160793255,0.0
-0.7238633437212142,-0.69474404190038,0.0
0.7149290915510587,0.714981036321074,0.0
0.7438792023287165,-0.6680691895160302,0.0
0.3180947449234512,-0.450737120493432,1.0
-0.7801697986666971,0.6204125820430507,0.0
-0.3874312883830539,0.17512142821550014,1.0
-0.3102753266667189,0.29104664554301707,1.0
0.5981373649220669,-0.8594087629545529,0.0
0.7508007296506979,-0.6401154329024196,0.0
0.9475672423940431,0.4991423597955943,0.0
0.0007732501655154378,0.5348959686950739,1.0
0.41550302118179594,0.3210856070637359,1.0
-0.40758802670895544,-0.9535357931062717,0.0
0.07157158691286716,-0.9775702424897396,0.0
-1.0610406650033022,-0.11396947868057146,0.0
-0.6101630961400951,-0.888785353242624,0.0
-0.43116421895411183,0.8760810291294674,0.0
-0.8902849708616116,0.2959784125250248,0.0
-1.0720565496198688,0.19363440429126616,0.0
-0.8633349738122644,-0.3971570217913346,0.0
0.5568617526488264,-0.05763795789208024,1.0
0.9664693177772234,-0.23972212758284017,0.0
-0.0914773479225373,-0.9045524977217229,0.0
0.012901044449251359,-1.074539099435457,0.0
0.9369780449110465,0.3182187808701788,0.0
-0.9894023226664599,-0.06331724804480866,0.0
-0.2539753256766972,-0.4285953324748519,1.0
0.867728384455118,-0.582603152570925,0.0
0.3838897317333987,-0.9141472440182052,0.0
0.4057855762219394,-0.17932603868790553,1.0
0.954976756790735,0.407966068987338,0.0
-0.28544965200745276,-0.3228793671509125,1.0
-0.6354480408744373,0.6947551670960788,0.0
0.4871138216724671,0.043989280243182355,1.0
-0.49018820237390087,-0.015128599024621348,1.0
1.0166198509504347,0.05216786427138126,0.0
-0.28900486889914484,1.0253917404570496,0.0
0.555755607727292,0.010614763313119856,1.0
0.34038913295898493,-0.39720570667474203,1.0
-0.2162031503128998,-0.42628956869326956,1.0
-0.12755394279303056,-0.44890347173028955,1.0
1.017638723487299,-0.11576854804031589,0.0
0.3236541430073447,0.8975192525304839,0.0
0.4608245144436558,0.2149087897077158,1.0
-0.11211088033863627,0.5530760989870549,1.0
0.959252412894693,-0.3679609508945427,0.0
-0.06487585410466397,0.4700946244160999,1.0
0.7812611452193757,0.5986661696995202,0.0
0.6164134559665189,-0.7838638324881697,0.0
0.974892384935014,0.3496602914370266,0.0
0.9029476480185068,0.5808446728320067,0.0
0.25606944115977887,0.5328312984914845,1.0
0.4892734584056507,-0.8397596519201611,0.0
-0.9586196802461983,0.35524672445774064,0.0
0.017442971591611855,-1.0460708660951819,0.0
-1.0336132425776718,0.12046745616403169,0.0
0.030015775348723323,0.48862083126798017,1.0
0.13665714313954705,0.4215889151862785,1.0
0.45903275606990523,0.1849528744131034,1.0
-0.0647192355012772,0.5015760374148395,1.0
0.2797596624344478,-0.3238902380833467,1.0
-0.5292528160439999,-0.11121651879865907,1.0
-0.36598137701005923,-0.23914234544760615,1.0
0.3696328745082807,-0.35892623129682005,1.0
0.38239347269146634,-0.06489484516787203,1.0
-0.16215163656792503,1.002728302624973,0.0
0.3075631670163832,-0.9349073753678694,0.0
-0.504054828661154,0.13008232734784314,1.0
-0.06305171706917391,0.4605356027661213,1.0
0.5682820997672623,0.04236384080297897,1.0
-0.0706029468716276,1.0467820420501184,0.0
0.1634967891882952,-0.4609537635519854,1.0
0.9487421232081303,0.3221357629218767,0.0
0.4491788150111312,0.026519739934483755,1.0
0.4720733426522013,0.18997589546184218,1.0
0.488645644097216,0.18081040121448805,1.0
0.45378418537654674,0.01497813261980726,1.0
-0.9510713817112909,0.3406637001295678,0.0
-0.7671621756371274,0.570786282113855,0.0
-0.03629082780378068,-0.4589555920544366,1.0
0.9778620987014714,-0.05703862557660595,0.0
0.38074232354021303,0.9154789658211537,0.0
-0.3972055231982405,-0.358455039763945,1.0
0.4049747017936617,1.0238716181304361,0.0
0.48240602225865337,-0.20838325725908413,1.0
-0.32898959885001117,0.2733546364878192,1.0
-0.20780438308333793,0.6038512046244301,1.0
1.0297280347498334,0.07622284632159379,0.0
0.4862337873961586,-0.02860027295611895,1.0
0.31966586743597125,0.33288795148601086,1.0
0.4567543972527102,0.20710570405913556,1.0
-0.5256682920003384,-0.03587337966434529,1.0
0.5512296343986254,0.7592946435923353,0.0
-0.003650995379528052,-0.4085663855530487,1.0
-0.8085547078035837,-0.531362657719289,0.0
0.4638210386270052,0.19253025275902547,1.0
-0.29557642102193715,0.9950035394158719,0.0
0.3356532306612503,-0.26244825413060746,1.0
0.35109133155144995,-0.3880382223367518,1.0
-0.7622878095986725,0.6946224424056939,0.0
0.3166716687053132,-0.9442915439604086,0.0
-0.9196767665000948,-0.3963262652285031,0.0
0.15441375886266512,0.4336600666242277,1.0
0.04744847866502966,-0.5539700354482291,1.0
-0.48477220895654993,-0.8343708959792101,0.0
0.30529135641239935,0.4849448243022536,1.0
-0.32596963639426374,0.8511148793480233,0.0
0.8864303071942381,0.5257894290260539,0.0
-0.20827804955793308,0.5357116819363026,1.0
-0.8138336888124242,0.7504024682180819,0.0
-0.9009312296773369,-0.1373350213041449,0.0
0.2154531208425309,0.4373285087729882,1.0
-0.06528680100964293,0.48422279073489016,1.0
-0.2822223901846939,-0.9937494103540979,0.0
-0.2871174348196208,-0.4038479844039975,1.0
-0.26735322076373236,0.5522132345816786,1.0
0.07117333275857898,1.0765445497985235,0.0
0.23917220414976054,-0.42469737447558376,1.0
-0.7235816078016836,0.7185098144317721,0.0
0.17463478409919675,0.500113371305771,1.0
0.4258941914146919,-0.209699001375011,1.0
0.6126795480858542,-0.806957092007901,0.0
-0.8933789646127516,0.30881939173910145,0.0
1.0686877371325345,0.24767158730156974,0.0
0.9730527573553378,-0.25006430216204195,0.0
-0.4123575385054457,-0.8906852188296147,0.0
-0.1900957076710807,-0.41890530837965173,1.0
-0.48706340964099104,0.13441824036591504,1.0
0.2687304402853001,0.4088125590279427,1.0
0.37558993348583836,0.38645806761333995,1.0
-0.15352599854075338,-0.4497976024032696,1.0
-0.46705953400438394,-0.30917259514509055,1.0
0.3281013609634776,0.33936272139032275,1.0
0.3552502446787911,-0.42402116903164516,1.0
-0.5687281910075185,-0.7445174761651056,0.0
-0.4413555676459014,-0.2071285512443432,1.0
-0.6347385188119734,-0.847075764000649,0.0
-0.49027369890595174,-0.13694522592047678,1.0
0.09708107827669143,-0.48473234647861796,1.0
0.12018704389810786,-0.3855093237404695,1.0
-1.0129486028507255,-0.004280802487727122,0.0
-0.7708003282519486,0.6686234139136554,0.0
0.3747531101697249,0.4637863599525282,1.0
-0.15027601551078323,-0.4327075470157127,1.0
0.09801943390021185,-0.48619182685690315,1.0
-0.4964679028319984,0.2057698237570015,1.0
0.2738804515289819,0.9743408595149384,0.0
0.494655127228177,-0.24483387191448913,1.0
-0.22303533618132876,-0.45580516869171406,1.0
-0.26462810431494227,-0.9426202897359102,0.0
0.3790005712270481,-0.364650227213004,1.0
0.18106735783106476,-0.8714567436536507,0.0
-0.43966239601520585,-0.9701766496837604,0.0
-0.329589109578982,0.3713590361830773,1.0
0.49413835586358446,0.07280411892139242,1.0
-0.11545919057832886,0.5506658739182494,1.0
-0.8017021720105442,0.5957304698780373,0.0
0.939503679563872,-0.28801134171799836,0.0
-0.9696533573980644,-0.24717067535348286,0.0
-0.09110648061916038,-0.5496783855758304,1.0
-0.08773661642174738,0.5379088358844444,1.0
-1.003496251815623,0.1476675949405302,0.0
0.9370934346698182,0.3913917089395028,0.0
0.5164342683993848,-0.08322375466150658,1.0
0.5227135313526954,-0.10456338982357438,1.0
-0.14665907077931742,0.5366528957866621,1.0
-0.49599789394933497,-0.0411684702360752,1.0
-0.39111282491597066,0.3864513084977727,1.0
-0.5775562675858034,-0.07822588116518496,1.0
-0.34085223533769754,-0.26506254413511476,1.0
-0.6337318729513084,-0.7679898175205779,0.0
-0.6199267862029196,-0.8217295950465702,0.0
0.21190747261677859,-0.9358191589699361,0.0
0.13636432100794263,0.5402239237174947,1.0
-0.9108253344807231,-0.11289107418857106,0.0
0.5310587045892186,-0.0473403040847874,1.0
0.08786370940314393,1.0508372636393117,0.0
-0.85165071527907,-0.47045961787466584,0.0
-0.8553677802496042,-0.436358532182709,0.0
-0.2853311980114839,0.3733073842362649,1.0
-1.0474380187097896,0.03522034052543471,0.0
-0.039859727816825036,0.5987587493467392,1.0
-0.8897710293162588,-0.6289481983515568,0.0
-0.23468654547725148,0.384002054141546,1.0
0.12337660000541387,-1.12601148657529,0.0
0.23748732248939178,-0.4325725254965114,1.0
0.094054410201771,0.43715351892251825,1.0
0.042179391976625645,-0.9328306732037634,0.0
-1.0303940987555211,0.027013325249672232,0.0
0.9446077610674608,0.1270870838333802,0.0
-0.9475169612208858,0.12938582990986808,0.0
-1.0217611727052296,0.037593631119875986,0.0
0.9753431474680063,-0.09044558423247247,0.0
0.4561492762020613,0.261207577133359,1.0
0.4827225113590006,0.811273543972074,0.0
0.9018320068631547,0.40832635116117993,0.0
0.9645928871833634,0.45993733515885515,0.0
-0.9192003367391243,0.2508448847247342,0.0
0.3210221451954683,-0.8623368909809835,0.0
-0.05903530726631637,0.9995566063534118,0.0
-0.33478425589267075,-0.3366778209193077,1.0
-0.6353783861536664,0.7245099898964121,0.0
0.42496912249518726,-0.21982134553925356,1.0
-0.41966487469049735,-0.9570257321493233,0.0
-0.4426468266601763,-0.15718318944392717,1.0
0.46870950262404587,-0.20075086680814436,1.0
-0.5556773448168204,-0.8694799395325588,0.0
0.07990703829879098,1.0897047940330022,0.0
0.9897420568857914,0.04729584410287726,0.0
-0.23104314360748898,-0.3936341483311256,1.0
0.9599371579040126,-0.13021147752644613,0.0
0.5265789785316429,0.7505039607731848,0.0
-0.9033174119625352,0.27662621288468014,0.0
0.4976541541255417,0.22328141317407602,1.0
0.18680291022173656,0.42499310062405965,1.0
-0.40095483309644353,-0.17808269153294823,1.0
-0.35054122211806843,0.4477125433496835,1.0
0.600826979300878,-0.7920463993262884,0.0
-0.40567638596731775,0.9589755385503838,0.0
-0.2821051622051449,0.3568432536957805,1.0
0.3215822002816507,-0.34872506891666655,1.0
-0.14647567028540603,-0.5036393424268424,1.0
-0.8044699421728561,0.4436673121272591,0.0
0.302948006870444,-0.42843663637290325,1.0
-0.9598828726817543,-0.2957303019216124,0.0
0.4205631620173207,0.8841359666090121,0.0
-0.5288357162413958,0.12246182269377985,1.0
-0.38087271836842507,1.0140459330030918,0.0
0.1498195413169674,-1.0299256470536309,0.0
0.9658798741796936,-0.3470539286980932,0.0
0.0918224801116963,0.5012524892766209,1.0
0.6619104751876216,-0.7229000382257119,0.0
0.9494201906488937,0.08363507875721941,0.0
-1.0279417245567053,-0.012223195149342728,0.0
-0.6867084828077703,0.7798530305924873,0.0
-0.6998570575603053,0.7445384858882595,0.0
-0.5664559520401095,0.01001315647095595,1.0
-0.6485649516769665,0.6892629874139558,0.0
0.14663316610770308,-0.48319300456036846,1.0
0.42458357051206314,-0.34402018644104054,1.0
0.8060373207569437,-0.573592593376502,0.0
0.7061685257014102,-0.5787462678112034,0.0
-0.9701293614695825,0.03328331751184256,0.0
-0.22690115589958246,0.48074374108562784,1.0
-0.8149920822516858,0.4930317460032709,0.0
-0.45409562907150247,0.3474042932485339,1.0
0.8918449916889595,0.42228334889671515,0.0
-1.0035403011208044,-0.35103828426185385,0.0
0.5864949267885231,0.15075327254966625,1.0
0.18275807041616787,-1.0203474661732226,0.0
-0.717888326546859,0.6927064975557611,0.0
0.46004986941385156,0.0847976549806044,1.0
0.8862594443879037,0.5942553701433984,0.0
-0.40917925266435295,-0.879031332797852,0.0
-0.5872565947487629,0.7556073571167317,0.0
0.5130395420091802,-0.3542068074025216,1.0
0.24273431159793774,-0.98144175274957,0.0
-0.21713842586970186,0.4563565789047925,1.0
0.3283649482504396,0.27936632619185314,1.0
-0.4677100394552882,0.19990827151440677,1.0
-0.05121663541599503,-0.9496694876244524,0.0
-0.5989020013295593,0.03060995807735226,1.0
-0.8435783002564684,-0.5178302924901375,0.0
-0.98476512794363,0.44858519372270433,0.0
0.3168581862213188,0.3304253178265246,1.0
0.3438601392615958,-0.3616247436732763,1.0
-1.0688583174204958,-0.28676433433080845,0.0
-0.9345204568903285,-0.2879066883095832,0.0
0.34703734570420625,0.14091604797559373,1.0
0.1351311947025296,-0.40111606584904513,1.0
0.39700396303018143,-0.1789712411672423,1.0
0.9917563288263841,0.1839916872917466,0.0
0.03691149355009873,-1.0287624685718597,0.0
0.12518659762321654,-1.0340520525910946,0.0
0.37158520180994503,-0.3205688092352027,1.0
0.06403863297171417,0.514254151957981,1.0
0.43103355007739574,-0.8966307864924924,0.0
0.2548404572925664,-0.4317086299236312,1.0
-0.5298317802828706,0.06183612124252859,1.0
0.7259380986114411,-0.6321830809943771,0.0
-0.3861008329591335,-0.8535115341192934,0.0
-0.042599217425435085,-0.8869062203025507,0.0
0.917641923723388,-0.4743509858349497,0.0
-0.5075640441072614,-0.2185241428183268,1.0
-0.9281062659577798,0.18344466946158733,0.0
-0.9812210774246942,0.24566470140391486,0.0
0.7786352621204821,-0.5165933922483144,0.0
0.9680129073594629,0.12451863894759979,0.0
-0.4723012378210772,-0.059866824710095405,1.0
-0.21359725569053695,-0.40564530252603004,1.0
-0.3285551563503198,-0.38874430890238687,1.0
-0.3850667155589207,-0.2758957659420224,1.0
-0.9966983766817652,0.17400924284351085,0.0
-0.4965999268458641,0.09251237741069065,1.0
0.23496609612601677,-1.0193344985963937,0.0
0.7517646357652811,0.6138867874561409,0.0
-0.44654313788188343,-0.2666471624089043,1.0
-0.845039930464379,0.6017078369282453,0.0
-0.2929497461508847,0.4817125531233819,1.0
0.11532810301952379,0.4405720078762448,1.0
0.9408058044409074,0.27247479152048565,0.0
0.37160552381626144,0.903581413388351,0.0
0.19767981915666671,1.043322813467366,0.0
-0.32183754144846216,0.3407099776221408,1.0
0.38805378316644307,0.2978886150388943,1.0
0.7238575544714272,0.6186957639997519,0.0
0.4181484733697596,0.257444619114233,1.0
0.9422970234550178,-0.30912945306957385,0.0
0.8616503041340641,-0.42257954183799346,0.0
-0.33865844892364916,0.8797428454056232,0.0
-0.33569169706329743,-0.3611646107437167,1.0
-0.8829221836515398,0.4168900731003242,0.0
0.9823904371993852,-0.13797653584112227,0.0
-1.0920687509577298,-0.10603884716594827,0.0
-0.6393166511390199,0.8568128117918336,0.0
-0.9100947475424725,-0.21259333676768838,0.0
-0.5525346043311259,-0.0935014206449993,1.0
0.029604770441711406,0.9804508756890763,0.0
0.4841581874004424,-0.06757262847643175,1.0
-0.449571715333908,0.891033211562826,0.0
-0.07804214463789552,-0.557278958386399,1.0
-0.9281198975386827,0.4370759202374053,0.0
0.16913335492804005,0.9979950065261612,0.0
-0.036042443133877486,-0.4580438924811337,1.0
-0.7160809377178476,0.5366063125051486,0.0
1.0075284450646516,-0.027650635241995958,0.0
0.13348850409198681,-0.447129767151938,1.0
0.8345337804278925,0.5164609786240355,0.0
0.9886110503244753,0.07843267969583105,0.0
-0.15841906204591122,-0.45172338174944915,1.0
-0.0917764639866836,-1.0321422655675583,0.0
-0.4198143308722828,-0.3174487574073099,1.0
-0.38022184603228176,-1.00778970372616,0.0
-0.4852767338196795,0.2539399487006671,1.0
-0.11298138871352295,-0.4533713132416477,1.0
-0.40368719746349196,0.8244271339193479,0.0
0.7457114482994326,-0.5902286543423642,0.0
-0.20445273982795817,0.9626508245983284,0.0
-0.29509842521126783,-1.0176888317399178,0.0
-0.4621094623727317,0.10458791056716696,1.0
-0.22434172050629103,0.9354211554857526,0.0
0.21983930712101019,0.41827409758391515,1.0
-0.7662861958680324,-0.6211397676590905,0.0
0.12191145434176874,0.48234763180951185,1.0
-0.5021367754841409,0.11041922501393973,1.0
0.5512497176334946,-0.042504502782339276,1.0
0.13384655779723867,1.0092940469546012,0.0
-0.5832375263349596,0.0548759260690272,1.0
0.9374832985046334,-0.24070467945335905,0.0
-0.5527406910519578,0.8752973366831649,0.0
-0.22090421030824378,0.9515268306091403,0.0
-0.45566552649882014,0.30690936367728044,1.0
-0.38953062594594723,0.25535048375759656,1.0
0.6448389156018157,0.7663464903366799,0.0
-1.000540946471919,-0.20320375431938054,0.0
0.3358847391148645,-0.4329843142620033,1.0
-0.6954105395014096,0.7390026138860323,0.0
1.0418784373296084,0.018336677324143978,0.0
-0.5286635540121409,-0.04788703377853827,1.0
-0.34984753170938976,-0.34236168904760955,1.0
0.9139086635018288,0.4171625159595479,0.0
0.41444655372775885,-0.06276143697419011,1.0
0.4075233017307992,-0.28229341339054326,1.0
0.3382974693536131,-0.9265581894048747,0.0
-0.1880455568934019,0.4954748746032935,1.0
-0.014420820791380531,-0.9570037554604007,0.0
0.9824768547048528,0.30402318652649696,0.0
0.5177383344367311,0.03317930776216363,1.0
-0.8994994286883295,-0.40667162142657043,0.0
0.6227214409117745,-0.7645866361890923,0.0
-0.31270591213499055,-0.37226543621090585,1.0
-0.38820820258616845,0.3696346725708242,1.0
0.830404514147515,-0.6674227044639202,0.0
-0.1850346245679013,-0.9863947708248484,0.0
-0.9884885376584747,-0.11667415762112951,0.0
0.09712691853077453,1.0164831451602903,0.0
0.5037037750110681,-0.13902899952269573,1.0
-0.960746919669246,-0.06945437601572677,0.0
-0.001996693203397716,-0.5148658383799952,1.0
0.030933283786781663,-0.553551801304951,1.0
0.1627771289933892,0.5782557624844998,1.0
0.5154458933257626,0.08041163353271988,1.0
-0.5061713763384578,0.15905304984338026,1.0
-0.23686970775490368,-0.5798006987230644,1.0
-0.8526191656393209,-0.339534659618406,0.0
-0.31252912536700195,0.3429808047527602,1.0
0.4428007533555438,0.2324650613627876,1.0
0.17258453273332955,-0.5221987784808071,1.0
0.31506164414998383,0.40122484802802916,1.0
0.535586578327281,0.07074077650489627,1.0
0.236553264500862,0.8854399689381908,0.0
-1.0318103449868166,-0.20083357914738098,0.0
0.35337527765691146,-0.962530451186191,0.0
-0.4746848665060463,0.7848040747214694,0.0
-0.3540261184714035,0.3393615777871366,1.0
0.8492376930281865,0.5313481581505938,0.0
0.21216075123923972,0.4303241192189936,1.0
0.671099848622276,0.7293090947566037,0.0
0.9784767794543052,0.16562177936247768,0.0
0.36621467764618926,0.3014241906237224,1.0
-0.38238567301722787,0.23395500632752753,1.0
-0.7490746840637672,-0.4885688778235331,0.0
-0.27517289781431464,-0.4437143140101818,1.0
-0.2316080533218651,0.49400002562356393,1.0
0.0014129633486643783,1.049268415088401,0.0
0.07980765763342967,-0.9975922394140927,0.0
0.48709636441130016,-0.06586156210753112,1.0
-1.0748245512044583,0.07715467769277978,0.0
0.2766271579417736,0.34400975432449943,1.0
-0.02236448965887717,0.5171693019922128,1.0
-0.4486621264622218,-0.3426560620673861,1.0
-0.5190854264322275,-0.009173404484625818,1.0
-0.22875122012249732,-0.4093226597824262,1.0
0.18058087975779208,1.0084251807245073,0.0
-0.08285138448547745,-0.4939087388116039,1.0
0.5193265413433676,0.8145046848341814,0.0
-0.38693424238697977,-0.13194031270174386,1.0
0.559539546195513,-0.04020865931369644,1.0
0.8050824611042442,0.5855965209231436,0.0
-0.1154130223356176,-0.5130727112922645,1.0
-0.36444686557159406,0.31179257617339673,1.0
0.5989002744763806,-0.8447939878593713,0.0
0.475122041841214,-0.37394525500459075,1.0
0.6423853845294049,0.7711975895569588,0.0
-0.19168540229702744,-1.015083437601939,0.0
0.8885583297201506,0.4214972769009137,0.0
0.3391225466781297,0.35277424414596864,1.0
-0.8359789030060206,0.34561039369970153,0.0
0.07882161052429307,0.46519690592554264,1.0
-0.441245416859952,-0.2436913932524334,1.0
-0.30727240042876075,-0.46328738608267117,1.0
-0.20119774236606972,0.408676421811184,1.0
-1.0443794602365202,-0.08950561723604782,0.0
0.24961679367179285,1.0334098358633734,0.0
0.6290671429307512,0.7407275719058246,0.0
-0.7635222130108281,0.5957135915253634,0.0
0.14358826435525704,-0.5313858765967985,1.0
-0.4846652430205987,-0.21060377882925632,1.0
0.4433377066610262,-0.11561323137964019,1.0
0.32533601995862993,0.39566605443357505,1.0
0.2114519828249143,0.45426060768726295,1.0
-0.5498961558715991,-0.04111380542170774,1.0
0.5098776907042505,0.07822934548087167,1.0
0.367363021162125,0.9673861330496852,0.0
0.38526669161620175,-1.0391671994120464,0.0
0.7211984374027315,-0.7555659197300127,0.0
-0.2520163924302884,0.4437292737749939,1.0
-0.45136937563228363,-0.37422735745610003,1.0
-0.46652574012712944,-0.8371017362295404,0.0
-0.47899051517524194,-0.005140694561780665,1.0
0.2441406592638225,-1.0572275639312438,0.0
-0.8915499600685323,-0.46013879313969175,0.0
-0.13680906844395063,-0.5595445124119306,1.0
0.9347917427825639,-0.29326379503289013,0.0
0.15405133833486845,-0.4287219858420428,1.0
0.8055857945238522,-0.6717746028028894,0.0
1.0108658124223902,0.0716817705594258,0.0
0.03437082988383225,1.0649919902666045,0.0
0.8616130053704252,0.4703500204173367,0.0
-0.295062106735386,-0.8829891691970564,0.0
-0.9469666860673006,-0.39389706224095716,0.0
-0.5395702512995123,-0.8729337919403792,0.0
-0.5234363472086708,-0.035313832675121004,1.0
-0.5292544364341997,-0.08171287280220113,1.0
0.7107983010789206,0.7386658877410525,0.0
0.33117734792689024,-0.3642688920745478,1.0
0.22880645338812436,-0.9338651105262649,0.0
0.018690073533824715,0.465588756416203,1.0
0.2563830892039146,-1.0278113597851106,0.0
-0.273584259204336,0.4251101147166163,1.0
0.19758500762681616,1.0603459662141037,0.0
0.40405921090520164,-0.938428006596778,0.0
0.25488389685303536,-0.48887034104748334,1.0
0.12660342716290696,0.5674271527424538,1.0
0.8957904194344624,0.5611526024459607,0.0
0.9259739834946761,0.5173917191737878,0.0
0.5505154088592621,-0.12374112862020481,1.0
0.3993995657091881,-0.9605825307083941,0.0
0.3402522643647209,0.2550575026672127,1.0
-0.5451688247915913,0.13705470162687758,1.0
-0.3809950897816731,-0.35981819303708285,1.0
-0.4803825891777025,-0.2571573105821518,1.0
0.5416781298796234,0.16929155300324777,1.0
-0.11409822317324103,-0.527011903786194,1.0
0.43418625974693126,-0.29985367869763146,1.0
-0.2926637552191284,0.4257302701326561,1.0
0.324886116690094,-0.2819787586979425,1.0
-0.4386970666194545,0.2388708912436589,1.0
0.04449491894583382,-0.4864349029156775,1.0
0.3576699144234839,-0.4107279522351793,1.0
-0.487171014948724,-0.7672759297977659,0.0
-0.6160662551890076,-0.6971347026815026,0.0
0.462980804073768,-1.0209974044150685,0.0
0.8848408095743113,0.49377647585734713,0.0
0.3756469412288481,0.45890173747081164,1.0
0.5323500740733408,-0.8723285396655562,0.0
-0.3853412530914867,-0.9352956552305295,0.0
-0.8121105578158336,-0.6307676388998449,0.0
-0.49107536804528007,0.1437774850118023,1.0
-0.21412577867725788,-0.43088681094585496,1.0
0.03102856255533995,0.536094091117141,1.0
-0.048161692661464375,-0.47985760314742754,1.0
0.885240320874723,0.4789750832265665,0.0
-0.4686373685688662,-0.09082556934946165,1.0
-0.00877572850210885,0.45581490097565247,1.0
-0.5319891636832341,0.07421805592032255,1.0
0.2074822998912573,0.38796073398631353,1.0
-0.5079384096677279,0.23246129059633056,1.0
0.5324160570208952,0.1263963831041542,1.0
-0.2182894911961909,-0.46539862025835055,1.0
0.49369936714270607,0.15084203739439214,1.0
0.9478821260052701,0.22918111188609222,0.0
0.038190763716599685,0.4444229334348678,1.0
0.19593532311534384,0.4128389550956246,1.0
0.20446743773567846,0.9333180539119087,0.0
0.23920562281544444,-0.4438495691200176,1.0
0.7834165888130261,0.685114896460077,0.0
-0.9559157750749324,0.49058560062535017,0.0
0.9880071369981174,0.21053778531498302,0.0
0.5177129909103103,0.3143908427233097,1.0
-0.41913208483614256,-0.8487736366309919,0.0
-0.8786839105926341,0.11392507457478866,0.0
-0.5027152958478978,0.12521169803899113,1.0
-0.47325665821282015,-0.08473616336158818,1.0
-0.981603242021186,0.3833200064935214,0.0
0.45707963736052515,-0.09892158409589186,1.0
0.6931509032654823,-0.6744183298059969,0.0
-0.7373046250349231,-0.8072267943991268,0.0
-0.5845071791039551,-0.10674625035896176,1.0
0.9619345347252414,0.20324856849282236,0.0
0.2196668109949756,0.4150921316067803,1.0
-0.8057688851243692,0.4960227060188539,0.0
0.48435642535940954,0.23542687239972135,1.0
1.0151715346107348,-0.24155095793510756,0.0
-0.8875263326988977,-0.6145281035945769,0.0
0.8363574156836906,-0.5037536059290635,0.0
-0.19396849443771863,0.4403044151099173,1.0
-0.7255964518210521,-0.6226246483730539,0.0
-0.9528312393102434,-0.2534900419535442,0.0
-0.2525889693942536,-0.4197938219560991,1.0
-0.9549836975888214,0.08020019827605573,0.0
-0.9988477453630478,-0.09854619432521136,0.0
0.8504741126626293,0.4682590111063359,0.0
-0.3509515453324022,0.3281236808242245,1.0
-0.4580699938689086,-0.27632639109095236,1.0
-0.5475525654657416,-0.10133099578449377,1.0
-0.7317760945182046,-0.5646520145915624,0.0
0.31401218454541624,1.024364410983569,0.0
0.6550957835476425,-0.7809964427043672,0.0
0.9475794050423929,-0.33308627873230956,0.0
-0.3552240105915141,0.3896842583695184,1.0
-0.3385429665106631,-0.43217495340111906,1.0
0.9304916343234362,-0.4688470788649672,0.0
0.0845674033511069,-0.46303619597279055,1.0
0.4651575866723589,0.10776533105238734,1.0
0.359249265243934,0.5007647867827,1.0
0.7995461147498162,-0.48673782876061555,0.0
0.9649345720093693,-0.4541654085155229,0.0
0.41245883545901796,-0.3032702683520925,1.0
0.36074546731362944,0.43236971520417555,1.0
-0.44550627945286336,-0.1755276163290169,1.0
0.7051401741869281,-0.6093006599050237,0.0
-0.5247709084311719,-0.1928257715480171,1.0
-0.1014121542525162,-0.5359345572748274,1.0
0.27988702265659626,-0.4199704830230799,1.0
-0.9282219274296793,-0.34079605785353273,0.0
-0.4276083139391931,0.2586303081373975,1.0
-0.9818930829323964,0.3771557655889504,0.0
0.20149669827647093,0.4108282069683984,1.0
-0.9280777787330385,0.47747986843454865,0.0
-0.44581508726596675,0.9471171078029229,0.0
0.07832542593972881,0.5284117841437808,1.0
-0.5820092547292554,-0.07823107310037872,1.0
-0.874863948662907,-0.5703720289641183,0.0
-0.4050161171017429,-0.05135994354028452,1.0
0.49080422584911815,-0.13824903169606567,1.0
0.9338840745527829,0.19584669155177736,0.0
-0.2404355942652108,-1.103699159626866,0.0
-0.4618843694471548,0.26965804662736315,1.0
0.18411996231943442,-1.00854022332809,0.0
0.4114914748867041,-0.899472193775721,0.0
-0.4986264192845467,-0.06351355181990706,1.0
0.28493604278501417,-0.3880248618762883,1.0
0.6454167370504774,-0.7905757977918991,0.0
-0.7949461780634199,-0.5050082764981151,0.0
-0.8654220805605506,-0.46616162423508883,0.0
1.0145805170900513,0.09900759830812661,0.0
-0.9951306615707864,-0.19151785252027115,0.0
-0.7832052068157307,-0.454766168299156,0.0
0.12165984645683739,1.0409637582619566,0.0
-0.23054675201445102,-0.4130461944392286,1.0
0.28681947365759936,0.5031284468127417,1.0
-0.4401313857376077,0.2306076914200827,1.0
0.13662380410873542,0.3997307236478585,1.0
-0.06714016047276579,1.0318988204025756,0.0
0.9358842220917347,-0.17365501969405034,0.0
0.29662818077407327,-0.9413923160070478,0.0
-0.6838499998222198,0.7010899406042005,0.0
-1.107138999985846,0.1492411224468307,0.0
-0.36177856464090913,0.8865092113960897,0.0
-0.39384280003228544,0.2317260594854431,1.0
0.5238577265555577,-0.012991762124203166,1.0
-0.16057160132276843,0.4177701233585616,1.0
0.11531621243689329,0.5802118996915637,1.0
-0.5053693748769885,0.030345070045102313,1.0
0.4651241400175613,-0.8504568915514649,0.0
-0.45751829455522974,0.896990842178466,0.0
0.19532563001751146,-0.4432054362365845,1.0
-0.3889515989879152,0.400356914313559,1.0
-0.28438069679984457,-0.316807368226054,1.0
0.4608543918812037,0.9053942513886502,0.0
-0.37735843805786656,0.4416245199321035,1.0
-0.347797034259429,0.3512194159869208,1.0
0.5011193266520817,0.9422798237542556,0.0
-0.0020256980141186466,-0.5255269041602547,1.0
0.42802751814069245,0.9562009204025747,0.0
0.032528534208410016,-0.4878723414725533,1.0
0.3085020920545795,-0.8946343726159569,0.0
-0.6248969207687554,-0.7974490391358715,0.0
-0.40031769526121513,-0.1843110396610835,1.0
0.20022191095396202,-0.42253203595313926,1.0
0.47053409318782957,0.2587157346111046,1.0
0.304744471277647,0.3865886327390807,1.0
0.5829941328838955,-0.7855503236351995,0.0
-0.49885400190667933,0.23745806051056825,1.0
-0.09770219660467946,-0.5061060589175098,1.0
-0.46232797875294146,0.1658496573040794,1.0
0.1767533438819949,-0.4263850606435243,1.0
0.22513222439196764,0.502589782874319,1.0
-0.8494299470079338,-0.6972326926032271,0.0
-0.1253133523912436,1.0226325714232154,0.0
0.2777161013845647,0.9215014415317593,0.0
0.2751765689892806,-0.3747011254883538,1.0
0.43645454600753075,0.29970312975614327,1.0
0.33246843563013473,-0.41807830092953896,1.0
1.04486211767933,-0.16172661232576188,0.0
0.42074770453344207,-0.05308011050487821,1.0
-0.33383762018676943,0.9166915150598118,0.0
-0.377409730945638,0.09254569471809551,1.0
0.26188560492899804,-0.8718653095991606,0.0
-0.6083177655640529,-0.7392048136950352,0.0
0.37239890440183543,-0.1648748245896292,1.0
-0.8495985961251304,-0.5229800141379172,0.0
0.013570351798498088,-0.532288519054014,1.0
-0.7605080595453566,0.7780132815701133,0.0
-0.22446530288596775,-0.4422998941860212,1.0
-0.14166884175517946,1.000863465651904,0.0
0.16861464261314746,0.9749825612865253,0.0
0.8649869034129534,0.028467417358759857,0.0
-0.7233347536310991,-0.7201949723792789,0.0
0.5301058241533239,0.9096040950262305,0.0
-0.8581939675667027,0.45237512538973895,0.0
-0.33314276093117956,0.4116963291400191,1.0
-0.07563009647180685,1.0488003038020435,0.0
-0.8494360738651259,0.44956387716863866,0.0
0.05106104747515914,-0.48189616781465766,1.0
0.15387952173465985,-0.46775973353684985,1.0
-0.7745392319000851,-0.6928022224660457,0.0
-0.9542520569529354,-0.03519537598266089,0.0
0.39151629743760846,-0.32547006964541364,1.0
0.366258891409466,0.8543326912550895,0.0
0.38601882356714895,0.3885346917239846,1.0
-0.04373347345432005,-0.973826961895872,0.0
0.4327910387626897,-0.8780410769562189,0.0
-0.3875453022256483,0.3584138189071637,1.0
1.0036426085212078,-0.39722431260970115,0.0
-0.10029699877097775,0.47600572539525277,1.0
-0.1566901794617067,-1.0057735245872763,0.0
0.43530702827449724,-0.14646955071937545,1.0
0.2270650049799556,-0.48405218930629024,1.0
-0.17319580290937076,0.9441164463363526,0.0
-0.7328648344615669,0.5229421376845802,0.0
0.4496360542336264,-0.28885681698951615,1.0
-0.21256259629551963,0.4738214037951966,1.0
0.24456650307140776,0.3045907202112701,1.0
-0.7188011395929794,-0.6316135720362731,0.0
0.4474044426618483,-0.9176640742965781,0.0
0.43756593937186994,0.40808274150242,1.0
-0.9622242149105377,0.09909378072594408,0.0
-0.45743161465602883,-0.1853208787685145,1.0
0.4436673635798738,-0.3246169200295953,1.0
-0.077309463151994,-0.44602526486673544,1.0
0.4796961951790054,0.01206458502850389,1.0
-0.42057365052639867,-0.8567342511080482,0.0
-0.11164373114810186,0.4780852046407988,1.0
0.9128842525726509,-0.49553466681482766,0.0
-0.7312446963164472,0.5055058061850493,0.0
-1.014191030851517,-0.1093961582256583,0.0
0.12459945098393356,0.5134677142467845,1.0
-0.6110293367597041,0.847504816930794,0.0
0.7180601404939707,-0.6231709498149037,0.0
0.003012301873253284,-1.0265958737650045,0.0
-0.18332107932365901,0.9490692298124538,0.0
0.7686960435339826,0.682576677818105,0.0
0.15024269728053968,-0.5335737144688172,1.0
-0.42370802100476396,-0.37868607567769574,1.0
0.4858613139391979,-0.14149291264799663,1.0
0.3043833489407703,0.35446528592280324,1.0
-0.49848439818388457,0.882544924768801,0.0
-0.7673272666823568,0.6918431180713462,0.0
0.46511971405474395,0.9167870961240016,0.0
-0.9258233675347803,-0.37665606325046724,0.0
0.8972399320790423,-0.2999446782823099,0.0
0.5448997932238956,0.16632870047627168,1.0
-0.04856883541237974,-1.0203328746005556,0.0
-0.1708701518883356,-0.5051416483217337,1.0
0.25686668037575844,0.3352614497061475,1.0
0.3051804143289487,0.9803310792456529,0.0
-0.37304398745089445,-0.3589128671720012,1.0
0.24514937131314912,-0.37790708035731746,1.0
-0.2870074412685855,0.45380191684157434,1.0
-0.5711866817928517,0.7973749868187477,0.0
-0.07306254659096394,1.103888882995586,0.0
-0.3534219415832698,0.3812637685221157,1.0
